<?xml version="1.0" encoding="UTF-8"?>
<metadata xml:lang="en"><Esri><CreaDate>20210214</CreaDate><CreaTime>17341300</CreaTime><ArcGISFormat>1.0</ArcGISFormat><SyncOnce>TRUE</SyncOnce><DataProperties><lineage><Process ToolSource="c:\program files (x86)\arcgis\desktop10.8\ArcToolbox\Toolboxes\Data Management Tools.tbx\CreateFeatureclass" Date="20210214" Time="173413">CreateFeatureclass G:\lm-fork\demo\data lm_coresn.shp POLYGON lm_cores DISABLED DISABLED {B286C06B-0879-11D2-AACA-00C04FA33C20};IsHighPrecision # 0 0 0</Process><Process ToolSource="c:\program files (x86)\arcgis\desktop10.8\ArcToolbox\Toolboxes\Data Management Tools.tbx\DefineProjection" Date="20210214" Time="173603">DefineProjection lm_coresn PROJCS['HabConnectProjectArea_North_America_Albers_Equal_Area_Conic',GEOGCS['GCS_North_American_1983',DATUM['D_North_American_1983',SPHEROID['GRS_1980',6378137.0,298.257222101]],PRIMEM['Greenwich',0.0],UNIT['Degree',0.0174532925199433]],PROJECTION['Albers'],PARAMETER['False_Easting',700000.0],PARAMETER['False_Northing',0.0],PARAMETER['Central_Meridian',-120.0],PARAMETER['Standard_Parallel_1',43.0],PARAMETER['Standard_Parallel_2',48.0],PARAMETER['Latitude_Of_Origin',41.0],UNIT['Meter',1.0]]</Process></lineage></DataProperties></Esri></metadata>
